{
  "Workflows": [
    {
      "Path": null,
      "SortBy": 0,
      "VariablesSectionElementsOrder": [],
      "ArgumentsSectionElementsOrder": null,
      "ConstantsSectionElementsOrder": [],
      "AddedNamespaces": null
    },
    {
      "Path": "Main.xaml",
      "SortBy": 0,
      "VariablesSectionElementsOrder": [
        "TransactionItem&Flowchart_1",
        "URL&Sequence_3",
        "strPing&Flowchart_2",
        "output&Flowchart_2",
        "Country&Sequence_12",
        "Name&Sequence_12",
        "ID&Sequence_12",
        "DT_Result&Flowchart_1",
        "Username&Sequence_3",
        "Password&Sequence_3",
        "ExtractDataTable&Sequence_8",
        "Amount&Sequence_2",
        "Tax&Sequence_2",
        "Result&Sequence_2"
      ],
      "ArgumentsSectionElementsOrder": [],
      "ConstantsSectionElementsOrder": [],
      "AddedNamespaces": null
    },
    {
      "Path": "System1/WorkItemDetails사이트이동.xaml",
      "SortBy": 0,
      "VariablesSectionElementsOrder": [],
      "ArgumentsSectionElementsOrder": [
        "in_WIID"
      ],
      "ConstantsSectionElementsOrder": [],
      "AddedNamespaces": null
    },
    {
      "Path": "InvokeFile.xaml",
      "SortBy": 0,
      "VariablesSectionElementsOrder": [],
      "ArgumentsSectionElementsOrder": [
        "in_Amount",
        "in_Tax",
        "out_Result"
      ],
      "ConstantsSectionElementsOrder": [],
      "AddedNamespaces": null
    }
  ]
}