{"ProjectBreakpoints":"{\"Value\":{},\"CodeBreakpoints\":{}}","Compiler":"2","ProjectWatches":"{\"Value\":[]}","OpenedDocuments":"[{\"DocumentPath\":\"Main.xaml\",\"FactoryId\":\"{ACB8E7BA-F093-44C1-9B50-33ECA51AAE16}\"}]","ProjectActivitiesViewState":"{\"Main.xaml\":[{\"ActivityIdRef\":\"GetRobotAsset_1\",\"IsAdvancedOptionsExpanded\":false,\"Categories\":{\"기타\":true,\"출력\":true},\"Widgets\":{}},{\"ActivityIdRef\":\"ForEachRow_1\",\"IsAdvancedOptionsExpanded\":false,\"Categories\":{\"\":true},\"Widgets\":{\"Body\":{\"ShowExpanded\":true}}},{\"ActivityIdRef\":\"GetRobotCredential_1\",\"IsAdvancedOptionsExpanded\":false,\"Categories\":{\"기타\":true,\"출력\":true},\"Widgets\":{}},{\"ActivityIdRef\":\"InvokeWorkflowFile_1\",\"IsAdvancedOptionsExpanded\":false,\"Categories\":{\"공통\":true,\"옵션\":true,\"로그\":true,\"출력\":true},\"Widgets\":{}},{\"ActivityIdRef\":\"WriteLine_1\",\"IsAdvancedOptionsExpanded\":false,\"Widgets\":{}},{\"ActivityIdRef\":\"Day2_1\",\"IsAdvancedOptionsExpanded\":false,\"Widgets\":{}},{\"ActivityIdRef\":\"ForEachRow_2\",\"IsAdvancedOptionsExpanded\":false,\"Categories\":{\"\":true},\"Widgets\":{\"Body\":{\"ShowExpanded\":true}}},{\"ActivityIdRef\":\"AddQueueItem_1\",\"IsAdvancedOptionsExpanded\":false,\"Categories\":{\"입력\":true,\"기타\":true},\"Widgets\":{}},{\"ActivityIdRef\":\"InvokeWorkflowFile_2\",\"IsAdvancedOptionsExpanded\":false,\"Categories\":{\"공통\":true,\"옵션\":true,\"로그\":true},\"Widgets\":{}},{\"ActivityIdRef\":\"ExtractClientInfo_1\",\"IsAdvancedOptionsExpanded\":false,\"Widgets\":{}},{\"ActivityIdRef\":\"GetQueueItem_2\",\"IsAdvancedOptionsExpanded\":false,\"Categories\":{\"옵션\":true,\"출력\":true},\"Widgets\":{}},{\"ActivityIdRef\":\"InvokeWorkflowFile_3\",\"IsAdvancedOptionsExpanded\":false,\"Categories\":{\"공통\":true,\"옵션\":true,\"로그\":true},\"Widgets\":{}},{\"ActivityIdRef\":\"SetTransactionStatus_1\",\"IsAdvancedOptionsExpanded\":false,\"Categories\":{\"입력\":true,\"트랜잭션 오류\":true,\"기타\":true},\"Widgets\":{}}]}","ProjectSettings":"{\"IncludeSourcesByDefault\":true,\"RemoveUnusedDependencies\":false}"}