{
  "Workflows": [
    {
      "Path": null,
      "SortBy": 0,
      "VariablesSectionElementsOrder": null,
      "ArgumentsSectionElementsOrder": null,
      "ConstantsSectionElementsOrder": [],
      "AddedNamespaces": null
    },
    {
      "Path": "Main.xaml",
      "SortBy": 0,
      "VariablesSectionElementsOrder": [
        "Password&Sequence_35",
        "Username&Sequence_35",
        "config&Flowchart_1",
        "Sheets&Sequence_28",
        "Result&Sequence_1",
        "DT_Config&Sequence_28",
        "variable1&Sequence_30",
        "DT_Employee&Sequence_9",
        "필터링&Sequence_9",
        "셀렉트&Sequence_9",
        "DT_Employee&Sequence_12",
        "JsonText&Sequence_15",
        "Json_obj&Sequence_15",
        "InnerObject&Sequence_16",
        "icName&Sequence_16",
        "xValue&Sequence_16",
        "yValue&Sequence_16",
        "JsonText&Sequence_17",
        "Json_obj&Sequence_17",
        "Json_Array&Sequence_17",
        "DT1&Sequence_20",
        "DT2&Sequence_20",
        "Is_First&Sequence_21",
        "DT_Destination&Sequence_21",
        "DT_Source&Sequence_24",
        "Name&Sequence_27",
        "Text&Sequence_33"
      ],
      "ArgumentsSectionElementsOrder": [],
      "ConstantsSectionElementsOrder": [],
      "AddedNamespaces": null
    }
  ]
}